repo:tag	image_id	size_bytes	created	used_by
alpine:3.19	sha256:6baf43584bcb78f2e5847d1de515f23499913ac9f12bdf834811a3145eb11ca1	3429495	2025-10-08T11:10:40Z	-
alpine:3.22	sha256:14358309a308569c32bdc37e2e0e9694be33a9d99e68afb0f5ff33cc1f695dce	3798446	2026-06-22T19:20:21.712285437Z	-
alpine:latest	sha256:294b683cb724975bec92580e1e685676bd4b50bda910ddb8c51d4cabeaec77e6	3860589	2026-09-17T20:37:20.889221879Z	-
beyondquant-backend:rollback-pre-6168fde	sha256:299a38f85229d379d900d602747bd7aa732d6bcd38fa51600f81ec0b2e91d54d	81523693	2026-09-05T17:09:25.656935748+08:00	-
beyondquant-data-worker:6168fde	sha256:73138f87b87f91959bb5673960eb889f1fa3a75d940f5aa7d013e7e74a91e50e	76441455	2026-09-05T23:40:34.906729641+08:00	-
beyondquant-data-worker:latest	sha256:73138f87b87f91959bb5673960eb889f1fa3a75d940f5aa7d013e7e74a91e50e	76441455	2026-09-05T23:40:34.906729641+08:00	-
beyondquant-data-worker:rollback-pre-6168fde	sha256:e5b549bc306c84f2d144315b2ed6bd90677e1d324c1c7183d1191f9e1b03134d	76313635	2026-09-04T14:13:22.78054+08:00	-
beyondquant-feedback-hub-relay:latest	sha256:7fd9114d5815ad2ceaa3a13ea0c27eb978e2e81da3a458b39b1adf51c4d6ab15	44371566	2026-09-04T18:45:59.964447757+08:00	-
beyondquant-gateway:rollback-pre-6168fde	sha256:d424b9470ea2c7ef7af55b40b51774358e4bce89c314577c1b6e7b39375f6e1e	62513562	2026-09-04T12:44:39.730614027+08:00	-
beyondquant-ml-worker:6168fde	sha256:c30f3b4a1a31d5bbbde82b2996a7a716a643db4d2f2d842ccec6c1c1735ce9b2	146552966	2026-09-05T23:41:06.737097497+08:00	-
beyondquant-ml-worker:latest	sha256:c30f3b4a1a31d5bbbde82b2996a7a716a643db4d2f2d842ccec6c1c1735ce9b2	146552966	2026-09-05T23:41:06.737097497+08:00	-
beyondquant-ml-worker:rollback-pre-6168fde	sha256:864ebb10bcddbd63f28f1db65767fa8a97a18662db495617cf06d508d9d0b8b4	146432903	2026-09-04T14:13:44.385279139+08:00	-
beyondquant-runtime-adapter:rollback-pre-6168fde	sha256:0abaf480eb967fee597b84bf8aef8a1792b87d545c313473b8f7717a718b589d	222767825	2026-09-04T18:49:53.214829886+08:00	-
beyondquant-signal-sandbox:rollback-pre-6168fde	sha256:b2631ea810526f47bad3bec9eac68ccf8c53341d5602e2b0b826f73167de6daf	100305874	2026-09-03T09:16:52.794441536+08:00	-
beyondquant-signal-sandbox:rollback-predeploy-u8.132	sha256:f30b6907408456886521e419dfd6fe1affcdc4c04a398a2c4a67ee43c5ddbefc	100125387	2026-09-05T23:39:20.681527214+08:00	-
beyondquant-signal-sandbox:rollback-u8.130	sha256:f30b6907408456886521e419dfd6fe1affcdc4c04a398a2c4a67ee43c5ddbefc	100125387	2026-09-05T23:39:20.681527214+08:00	-
beyondquant-signal-worker:rollback-pre-6168fde	sha256:83ba04f15e49ebfb2adecc41206c7a6b8e6137f4635e466e3e3acf981f301bab	76312850	2026-09-04T14:13:22.784608147+08:00	-
beyondquant-signal-worker:rollback-predeploy-u8.132	sha256:52dc0c2daa38a7a07c95afa16f5adb6ba71f80cda8de7bfe630b5ce9b789b8ad	76775724	2026-09-18T11:20:35.6690231+08:00	-
beyondquant-signal-worker:rollback-u8.129	sha256:52dc0c2daa38a7a07c95afa16f5adb6ba71f80cda8de7bfe630b5ce9b789b8ad	76775724	2026-09-18T11:20:35.6690231+08:00	-
beyondquant-signal-worker:rollback-u8.130	sha256:52dc0c2daa38a7a07c95afa16f5adb6ba71f80cda8de7bfe630b5ce9b789b8ad	76775724	2026-09-18T11:20:35.6690231+08:00	-
busybox:latest	sha256:dc2d74b28e4cf8984fa52af1f39bc7c3d9c73760b41a74d629f5d11b1ab28616	2236931	2026-05-13T02:21:49Z	-
byq-u6-artifact-local-u6-artifacts-20260906-backend:retained	sha256:01e799ffc2931239a27059bb959a11ffeb65bdf90c801a1e738d56aaf75f876e	81678256	2026-09-06T16:03:46.19293278+08:00	-
byq-u6-artifact-local-u6-artifacts-20260906-feedback-hub-relay:retained	sha256:ff0c2f2ea565cfa0bfb0b3d2606f497232f654d5ca2279806280780256eb06a1	44371595	2026-09-04T18:45:59.964447757+08:00	-
byq-u6-artifact-local-u6-artifacts-20260906-frontend:retained	sha256:df97e34bff4d2f4b44689be34eb8dacd2ad6cfbfea7674f0b660d03aad4f79df	21735646	2026-09-06T19:30:49.266530979+08:00	-
byq-u6-artifact-local-u6-artifacts-20260906-gateway:retained	sha256:da9b09bd41eab7150b9f1c532c1bc03aa2daff50d4a29d8e5e6dbaafcd8c69a1	62384479	2026-09-06T19:30:35.158794073+08:00	-
byq-u6-artifact-local-u6-artifacts-20260906-mcp:retained	sha256:4c1ff0e675f19183d01e605217245743b6acd75acfd7df36211c1c965b4823b4	111230077	2026-09-06T16:03:52.19641114+08:00	-
byq-u6-artifact-local-u6-artifacts-20260906-runtime-adapter:retained	sha256:32c1ae6a10c1e1f862da29a7450a4c1c00616b94f04af47f8035d3ab4d5f1040	222553100	2026-09-06T20:33:37.281143596+08:00	-
byq-u6-artifact-local-u6-artifacts-20260906-runtime-candidate:retained	sha256:067d6aa3b657afd78f51d3bb75d6fd60e4bb81920cbc619cf23ff1e03b94d93d	143322479	2026-09-06T21:16:48.926671674+08:00	-
byq-u7-artifact-local-u7-f2-watch-30-backend:retained	sha256:db5ffc86db824d5f753918c9d83930e1bc64f0e1dd3a4efeaf7038ffd73202ed	82143401	2026-09-10T10:51:53.656177459+08:00	-
byq-u7-artifact-local-u7-f2-watch-30-feedback-hub-relay:retained	sha256:1ac1a05fb40bbac78fc477ac1b0674b4b3bfcbbd035593e6539b3a050b2a2af8	44371588	2026-09-04T18:45:59.964447757+08:00	-
byq-u7-artifact-local-u7-f2-watch-30-frontend:retained	sha256:3a92b0601e58d6b600e3b38b0ac1cf156771adeff0cf58af349fa2802e9c332e	21743125	2026-09-10T10:53:52.946569495+08:00	-
byq-u7-artifact-local-u7-f2-watch-30-gateway:retained	sha256:2135717e7e4add404c4d9cc13ce627c47ed7613789ef74b6e793ed0103fcb238	62576578	2026-09-10T10:53:37.738300893+08:00	-
byq-u7-artifact-local-u7-f2-watch-30-mcp:retained	sha256:15209d53a710295dc65d33c1dd63c26b1caf90581548938d0a35d2d65a1dce72	111496376	2026-09-10T10:52:04.085485332+08:00	-
byq-u7-artifact-local-u7-f2-watch-30-runtime-adapter:retained	sha256:aeb0efcabb4fcd24142c5e610fe4750f311a6efdf22c172eb9d4a66ad397562c	222876167	2026-09-10T10:52:47.932387242+08:00	-
byq-u7-artifact-local-u7-f2-watch-30-runtime-candidate:retained	sha256:71a91eab165987af829cc1256602c48e71583c0e37cb3c50461d74d3881d75cd	143457805	2026-09-10T11:06:12.659807087+08:00	-
byq-u7-artifact-local-u7-f6-completion-29-backend:retained	sha256:a5b3185d674a14e10393ddb45b8c24a53a16905126c37fafb4372d33f54349c6	82110881	2026-09-10T09:18:49.694821892+08:00	-
byq-u7-artifact-local-u7-f6-completion-29-feedback-hub-relay:retained	sha256:f03552f33dc754c1592c8fdd25cbf542f34ce7cb73449d2620a6dc8360a530b2	44371593	2026-09-04T18:45:59.964447757+08:00	-
byq-u7-artifact-local-u7-f6-completion-29-frontend:retained	sha256:e6b5fe371777bb2231f194dd60d6d48769271813a0cc645ce3376bfdcf02569e	21741678	2026-09-10T08:58:44.776670298+08:00	-
byq-u7-artifact-local-u7-f6-completion-29-gateway:retained	sha256:3307e61aa4a518f7654b6c8cfcc8b5c8ecadfca4c72974c69ec609608893a2bd	62574164	2026-09-10T08:58:28.175908058+08:00	-
byq-u7-artifact-local-u7-f6-completion-29-mcp:retained	sha256:a7990e5b06ec36f96fec073ea58fb1ad722f9c9c328d58d3d384ca33c1c6ac8d	111493535	2026-09-10T07:51:42.352263966+08:00	-
byq-u7-artifact-local-u7-f6-completion-29-runtime-adapter:retained	sha256:424fdb445fe0237813dcb0294f9de4223d66c276ae0cf36ca28534637b107427	222875772	2026-09-10T09:19:28.653498324+08:00	-
byq-u7-artifact-local-u7-f6-completion-29-runtime-candidate:retained	sha256:e715453960c7a4736e48eee11983f07f7eb7e615ec9b3da0b03011ca877e6582	143457379	2026-09-10T09:31:52.661333747+08:00	-
byq-u7-artifact-local-u7-f7-provider-repair-20260909-backend:retained	sha256:b84e1a09a1a87fe65aabfdad07ee2eb9b7a0ad2f6375d1aa5ff9769c93f6fe55	81998876	2026-09-08T21:26:04.770957921+08:00	-
byq-u7-artifact-local-u7-f7-provider-repair-20260909-feedback-hub-relay:retained	sha256:34624ef80bbcd3e80e9e3c3bde7ac6be477177b4b2174685697df67f6265a408	44371604	2026-09-04T18:45:59.964447757+08:00	-
byq-u7-artifact-local-u7-f7-provider-repair-20260909-frontend:retained	sha256:ce2d35f5aebdd31a5d38df5874da5556fc6890ecdda4283e367c1350b9088de9	21739658	2026-09-09T06:28:51.387056443+08:00	-
byq-u7-artifact-local-u7-f7-provider-repair-20260909-gateway:retained	sha256:9b2e13a972c8ba2792fa9315781f5bfab80aa6fbeb18034ea30c4604f9f58b02	62542079	2026-09-08T15:37:22.973373903+08:00	-
byq-u7-artifact-local-u7-f7-provider-repair-20260909-mcp:retained	sha256:0751a44748518c6b3550e76653c703873ed655691d73baa31a7e1b20378de830	111262030	2026-09-08T21:26:11.605490922+08:00	-
byq-u7-artifact-local-u7-f7-provider-repair-20260909-runtime-adapter:retained	sha256:2b0d5e48a8b0b5dc631c42527af09c3838bb10f694787d87125d23697c9766b9	222806607	2026-09-09T06:28:30.344005542+08:00	-
byq-u7-artifact-local-u7-f7-provider-repair-20260909-runtime-candidate:retained	sha256:2552682a192bd1d4fd1064d1eabebb613f1c823d3e35f49f073d9b1d4298e5fe	143427239	2026-09-09T06:40:46.461508588+08:00	-
byq-u7-artifact-local-u7-post-u8-f7-deploy-recheck-20260908-backend:retained	sha256:3badb1641b93de92bf3becf1546460a8e7c75188856766191fa968d0d043a7cd	81998883	2026-09-08T21:26:04.770957921+08:00	-
byq-u7-artifact-local-u7-post-u8-f7-deploy-recheck-20260908-feedback-hub-relay:retained	sha256:189b44d7e18ef3633119fae5cc48c536b90b034baee220ba10e02dde8c572a77	44371611	2026-09-04T18:45:59.964447757+08:00	-
byq-u7-artifact-local-u7-post-u8-f7-deploy-recheck-20260908-frontend:retained	sha256:868da6e28c5fc6805ef941da1646c4c01c949ff24119ad83861d8a461a68dcc0	21739311	2026-09-08T15:46:12.334259779+08:00	-
byq-u7-artifact-local-u7-post-u8-f7-deploy-recheck-20260908-gateway:retained	sha256:b11747bb9050f830da85355ed3d4b2d84767506688e26a37972f9120070545c6	62542086	2026-09-08T15:37:22.973373903+08:00	-
byq-u7-artifact-local-u7-post-u8-f7-deploy-recheck-20260908-mcp:retained	sha256:d15927304e725710612c1207af3b386260c142b78bb3bd3e6d9e9d31e3b465e0	111262037	2026-09-08T21:26:11.605490922+08:00	-
byq-u7-artifact-local-u7-post-u8-f7-deploy-recheck-20260908-runtime-adapter:retained	sha256:c04ff82d2e09fe2488b569b2a0846494f6553abb2d1d4e26d3d5080da1ca4a45	222792258	2026-09-08T21:30:21.240718117+08:00	-
byq-u7-artifact-local-u7-post-u8-f7-deploy-recheck-20260908-runtime-candidate:retained	sha256:a31b74763ddf9dcc9884e10453d616e2720b5a50ad6a260b20e07808d37048ff	143423204	2026-09-08T23:09:44.558101603+08:00	-
byq-u7-artifact-local-u7-recheck-artifacts-20260906-backend:retained	sha256:b29ce8388bfec648d8097e81e6f081fe4f9c5a10c7070a8d2ab17f26a5e84679	81683119	2026-09-06T23:04:00.939019845+08:00	-
byq-u7-artifact-local-u7-recheck-artifacts-20260906-feedback-hub-relay:retained	sha256:2f80b406101cabb256b71cea0ca993a8b94f6558e01ab6d42ac1fdcd0453688b	44371603	2026-09-04T18:45:59.964447757+08:00	-
byq-u7-artifact-local-u7-recheck-artifacts-20260906-frontend:retained	sha256:67e1bb7ea44f329c466de22cfe25c83ccca8fccf205286bc2f6cccc8d1d687b5	21735654	2026-09-06T19:30:49.266530979+08:00	-
byq-u7-artifact-local-u7-recheck-artifacts-20260906-gateway:retained	sha256:6cd164db46b40805623d4fad5911def596356eb05f57318e8663454a822a551a	62384487	2026-09-06T19:30:35.158794073+08:00	-
byq-u7-artifact-local-u7-recheck-artifacts-20260906-mcp:retained	sha256:36abd8158fcf705da7ff27f8e37a308e177cfdf44169adbb3dc50c8342378dbc	111232028	2026-09-06T23:04:06.895416295+08:00	-
byq-u7-artifact-local-u7-recheck-artifacts-20260906-runtime-adapter:retained	sha256:b18dbc0f130ed89402c7e3590fb2812f84dbdf4afef933002103ed75f76ddf87	222552861	2026-09-06T23:12:39.096356502+08:00	-
byq-u7-artifact-local-u7-recheck-artifacts-20260906-runtime-candidate:retained	sha256:82cebf2842c01930c50723e8152fa98cab123a9b8741f8c2a040af7531649da4	143323109	2026-09-06T23:32:25.871696583+08:00	-
byq-u7-artifact-local-u7-residual-42-backend:retained	sha256:6fc72d0199744a867645450b6519461cc85e84524d6162da191b87e3691f657e	82143401	2026-09-10T10:51:53.656177459+08:00	-
byq-u7-artifact-local-u7-residual-42-feedback-hub-relay:retained	sha256:97c80447ec366bedc471328b5c2b614b6a723e1381553873ed87d1fae38110d4	44371588	2026-09-04T18:45:59.964447757+08:00	-
byq-u7-artifact-local-u7-residual-42-frontend:retained	sha256:556a31b464b7a8dae528a10f8b764fbda8664af43c316b3993fcc84b1fc24053	21743125	2026-09-10T10:53:52.946569495+08:00	-
byq-u7-artifact-local-u7-residual-42-gateway:retained	sha256:8d615ed76db1d8413302fb742362ae7cedce35779a98a1f59d3716b8d6663ab7	62576578	2026-09-10T10:53:37.738300893+08:00	-
byq-u7-artifact-local-u7-residual-42-mcp:retained	sha256:8b611ac90c4b2b570af9e5832d9b45f9821eb7c1ec21e402da146e798072405b	111278540	2026-09-10T21:35:03.270427034+08:00	-
byq-u7-artifact-local-u7-residual-42-runtime-adapter:retained	sha256:3f9b249e8c1c0d7ed713d165a4f6ed9cb99069b55df052a74847bfa3b0b193c0	143361289	2026-09-10T23:44:52.391604184+08:00	-
byq-u7-artifact-local-u7-residual-42-runtime-candidate:retained	sha256:662b7c5f46995b10a39ba0144306042a74bd296e14e57fd054544a39d1fdf6e6	143360100	2026-09-10T23:58:23.688435607+08:00	-
byq-u7-artifact-local-u7-retire-011-38-backend:retained	sha256:ecb5728672a38f48ed685ba82589e64e6c4010edfdf0ae254b5674669c74e604	82143403	2026-09-10T10:51:53.656177459+08:00	-
byq-u7-artifact-local-u7-retire-011-38-feedback-hub-relay:retained	sha256:0b56e9f4c984a9569bb13db65f2402e429a52065513097539cea3e731fdc551c	44371590	2026-09-04T18:45:59.964447757+08:00	-
byq-u7-artifact-local-u7-retire-011-38-frontend:retained	sha256:6c09606a3f7e657bb5c075f22ddf7f8f422adffc4e15b38cde0f9bcafba4be57	21743127	2026-09-10T10:53:52.946569495+08:00	-
byq-u7-artifact-local-u7-retire-011-38-gateway:retained	sha256:84c64d77a3a4751f64406e5a7b355d512e652eb855ba785373dd8850b82ca97a	62576580	2026-09-10T10:53:37.738300893+08:00	-
byq-u7-artifact-local-u7-retire-011-38-mcp:retained	sha256:a94afed4348a08c9c3b38bb5ea2fbc67f31237c6f5562ae3701cbc8d68147d00	111278542	2026-09-10T21:35:03.270427034+08:00	-
byq-u7-artifact-local-u7-retire-011-38-runtime-adapter:retained	sha256:74fa7ea8921396c30cdc6c3044c579d3671ecca085c594ead31ce5ab57b8aba6	143462600	2026-09-10T22:11:19.243716842+08:00	-
byq-u7-artifact-local-u7-retire-011-38-runtime-candidate:retained	sha256:e55b250d8ade510efd0632634673afd7fd641178023eb51fcff1bb1421e0a98d	143461635	2026-09-10T22:24:42.267539971+08:00	-
byq-v090-recovery-mcp:latest	sha256:befddd5955022daca6b8d1e952aefaab9e7f99b4403c014098134abd4ccad9c5	111310161	2026-09-21T00:37:29.220742261+08:00	sleepy_leavitt
ghcr.io/gitleaks/gitleaks:v8.30.1	sha256:c00b6bd0aeb3071cbcb79009cb16a60dd9e0a7c60e2be9ab65d25e6bc8abbb7f	25042376	2026-03-21T02:19:08.677791034Z	-
ghcr.io/jefison-x/beyondquant/backend@sha256:0c6f81896a5634fdb42a576f61389baf28334e389dd91c90c323f7057e594bad	sha256:0c6f81896a5634fdb42a576f61389baf28334e389dd91c90c323f7057e594bad	84729641	2026-09-19T03:24:21.447545245Z	-
ghcr.io/jefison-x/beyondquant/backend@sha256:257f8c544760e683323dd92d7644f4e60bd902dee83d4d9fb657b7fdfda39f08	sha256:257f8c544760e683323dd92d7644f4e60bd902dee83d4d9fb657b7fdfda39f08	84705602	2026-09-18T23:33:44.375638469Z	-
ghcr.io/jefison-x/beyondquant/backend@sha256:279d75f563bbc322f5440c75f9ec5594321268a84c618e5aad9f88b4d4bf1f5d	sha256:279d75f563bbc322f5440c75f9ec5594321268a84c618e5aad9f88b4d4bf1f5d	84576275	2026-09-17T23:19:46.101500941Z	-
ghcr.io/jefison-x/beyondquant/backend@sha256:4e356925cf645d1cd5ce08ba38ef813bebefbba811c70c686b079e6f621c68af	sha256:4e356925cf645d1cd5ce08ba38ef813bebefbba811c70c686b079e6f621c68af	84548971	2026-09-17T09:06:21.028606554Z	-
ghcr.io/jefison-x/beyondquant/backend@sha256:4fd69f39f6612f640aad21fc6d73951806c13977ef52e5a580886b61c2b6ef6e	sha256:4fd69f39f6612f640aad21fc6d73951806c13977ef52e5a580886b61c2b6ef6e	84609264	2026-09-18T04:39:01.232160088Z	-
ghcr.io/jefison-x/beyondquant/backend@sha256:56619795a36be8a70ef2550076975857e3291376025e4054f970c490bee69fdd	sha256:56619795a36be8a70ef2550076975857e3291376025e4054f970c490bee69fdd	84241325	2026-09-11T00:07:30.233527891Z	-
ghcr.io/jefison-x/beyondquant/backend@sha256:5d4007b5ebc99ab3e428d540ff6ec5b8ce63ff1c1f3a0851db6287b91581b4bb	sha256:5d4007b5ebc99ab3e428d540ff6ec5b8ce63ff1c1f3a0851db6287b91581b4bb	84603403	2026-09-18T01:32:58.85145938Z	-
ghcr.io/jefison-x/beyondquant/backend@sha256:72408edfe25a193f59f22dd553ec234f6218dff8e8c3292884afbae624398c41	sha256:72408edfe25a193f59f22dd553ec234f6218dff8e8c3292884afbae624398c41	84253525	2026-09-12T21:07:50.645874282Z	-
ghcr.io/jefison-x/beyondquant/backend@sha256:a163821cf516dd4f118de690509e12193cb95577d13fb830dcf56a72fdce04f0	sha256:a163821cf516dd4f118de690509e12193cb95577d13fb830dcf56a72fdce04f0	84731809	2026-09-19T05:51:11.066020106Z	-
ghcr.io/jefison-x/beyondquant/backend@sha256:a39c6ea52c1d64b64df9c2d185a9d4ba6bc51977b9536d3e0684928be4ab7d42	sha256:a39c6ea52c1d64b64df9c2d185a9d4ba6bc51977b9536d3e0684928be4ab7d42	84925649	2026-09-21T22:23:11.979186017Z	-
ghcr.io/jefison-x/beyondquant/backend@sha256:a49132c8d36762fbfe002e88314290a3462915cad74d41d710ba696a60be259f	sha256:a49132c8d36762fbfe002e88314290a3462915cad74d41d710ba696a60be259f	84517888	2026-09-16T22:03:43.29949862Z	-
ghcr.io/jefison-x/beyondquant/backend@sha256:b34563f581236973d3dfe8e4fff465a25a5beb1e7900131060da1dd562cab5c2	sha256:b34563f581236973d3dfe8e4fff465a25a5beb1e7900131060da1dd562cab5c2	84677976	2026-09-18T14:56:38.935372531Z	-
ghcr.io/jefison-x/beyondquant/backend@sha256:babdddb09d0aca8d6fd6d4cea4c2ceb345ccc5746b1f47059e69ebfde0692721	sha256:babdddb09d0aca8d6fd6d4cea4c2ceb345ccc5746b1f47059e69ebfde0692721	84701115	2026-09-18T20:02:22.220226834Z	-
ghcr.io/jefison-x/beyondquant/backend@sha256:ceafe0c2ca2b19571640a4961b1045857dee2c6af800884ab52938ef1c59240d	sha256:ceafe0c2ca2b19571640a4961b1045857dee2c6af800884ab52938ef1c59240d	84666612	2026-09-18T10:14:18.37540571Z	-
ghcr.io/jefison-x/beyondquant/backend@sha256:d79432c50e12a41a1511123220f81d9514c398230da57192b7f64cfea399194d	sha256:d79432c50e12a41a1511123220f81d9514c398230da57192b7f64cfea399194d	84647611	2026-09-18T08:33:50.14074111Z	-
ghcr.io/jefison-x/beyondquant/backend@sha256:dcddb660152fe43622d66f912cb2c9791d057bf6ec01ed009a28492002db875c	sha256:dcddb660152fe43622d66f912cb2c9791d057bf6ec01ed009a28492002db875c	84733956	2026-09-19T10:22:28.063061087Z	-
ghcr.io/jefison-x/beyondquant/backend@sha256:f17a7888d0bf1379745d9b0a6c084fb513b57084bb347ed2a79f671f7e94080e	sha256:f17a7888d0bf1379745d9b0a6c084fb513b57084bb347ed2a79f671f7e94080e	84576093	2026-09-17T15:00:17.303170272Z	-
ghcr.io/jefison-x/beyondquant/backend@sha256:f9baa5726c383e1fe6d232634d84db228f4a70613c502485fabeef3f2186e4b4	sha256:f9baa5726c383e1fe6d232634d84db228f4a70613c502485fabeef3f2186e4b4	84699541	2026-09-18T18:42:33.565210285Z	-
ghcr.io/jefison-x/beyondquant/frontend@sha256:16ec14835ed25cb2e7e7f90f18fbd3fd4ef3d96b13b538140df3fd03a09f16e7	sha256:16ec14835ed25cb2e7e7f90f18fbd3fd4ef3d96b13b538140df3fd03a09f16e7	21754651	2026-09-17T15:00:09.676195821Z	-
ghcr.io/jefison-x/beyondquant/frontend@sha256:9d579ab05f3d67590d9128443bff1af2a03e7476245acafdd1130a8c1bc48397	sha256:9d579ab05f3d67590d9128443bff1af2a03e7476245acafdd1130a8c1bc48397	21742461	2026-09-12T21:09:01.373962255Z	-
ghcr.io/jefison-x/beyondquant/frontend@sha256:a82f4b1bdccfddfe4dca252c4b7911a8aea7e6fea1ecf96c46b1652cd4cd83be	sha256:a82f4b1bdccfddfe4dca252c4b7911a8aea7e6fea1ecf96c46b1652cd4cd83be	21753228	2026-09-16T22:03:39.799645561Z	-
ghcr.io/jefison-x/beyondquant/frontend@sha256:b8a5192934977a2706ed04b48e69313f6bd94100b8c2b8b4b8cf3b8285cb9c3e	sha256:b8a5192934977a2706ed04b48e69313f6bd94100b8c2b8b4b8cf3b8285cb9c3e	21742375	2026-09-11T00:07:22.49160937Z	-
ghcr.io/jefison-x/beyondquant/frontend@sha256:f9667d86d9d1b208df2103e016db302419427b077e82532c5a7bbdbb6668fd9a	sha256:f9667d86d9d1b208df2103e016db302419427b077e82532c5a7bbdbb6668fd9a	21753873	2026-09-17T09:06:14.755719473Z	-
ghcr.io/jefison-x/beyondquant/gateway@sha256:14cccfb90e4c89623b63b45f2b76466b1cb5d323f3ba564c15754418191d37c3	sha256:14cccfb90e4c89623b63b45f2b76466b1cb5d323f3ba564c15754418191d37c3	64722795	2026-09-18T12:10:16.949516375Z	-
ghcr.io/jefison-x/beyondquant/gateway@sha256:1b59c57a62badee3f63b4cfc4eed7be9c54bb458c0bb2010842d0d6274dd07f1	sha256:1b59c57a62badee3f63b4cfc4eed7be9c54bb458c0bb2010842d0d6274dd07f1	64695909	2026-09-17T15:00:09.778313531Z	-
ghcr.io/jefison-x/beyondquant/gateway@sha256:209a1ce5def5771968e1319ce33a5c1d68b1e84bd144e7db36a2b717ead5b71d	sha256:209a1ce5def5771968e1319ce33a5c1d68b1e84bd144e7db36a2b717ead5b71d	64723554	2026-09-18T18:42:26.38337909Z	-
ghcr.io/jefison-x/beyondquant/gateway@sha256:4361da41acd39c4d0bd665e2f4b6ce39ad447117d74127bf6186984050340f1e	sha256:4361da41acd39c4d0bd665e2f4b6ce39ad447117d74127bf6186984050340f1e	64730910	2026-09-19T03:24:11.56869815Z	-
ghcr.io/jefison-x/beyondquant/gateway@sha256:49803ebffead08549e2a49c71253e6db06e354bef310c1f23ed1e1c51175cc82	sha256:49803ebffead08549e2a49c71253e6db06e354bef310c1f23ed1e1c51175cc82	64713412	2026-09-18T08:33:40.826155389Z	-
ghcr.io/jefison-x/beyondquant/gateway@sha256:4b6e9f34dfee4b822e5cc4de12f576e706eee63676c52ef677da739d131a7ac8	sha256:4b6e9f34dfee4b822e5cc4de12f576e706eee63676c52ef677da739d131a7ac8	64715428	2026-09-18T10:14:11.400413523Z	-
ghcr.io/jefison-x/beyondquant/gateway@sha256:57f199699e62a3631bf40f66b79b12e2c3e187cf3252456fbca240e7ef1a5cc2	sha256:57f199699e62a3631bf40f66b79b12e2c3e187cf3252456fbca240e7ef1a5cc2	64734837	2026-09-19T10:22:22.86392957Z	-
ghcr.io/jefison-x/beyondquant/gateway@sha256:6e4d0ee8915e6589e7213a9fd6a2390966c78a994e8ec71d748ccf89eadfa714	sha256:6e4d0ee8915e6589e7213a9fd6a2390966c78a994e8ec71d748ccf89eadfa714	64663175	2026-09-11T00:07:19.260196249Z	-
ghcr.io/jefison-x/beyondquant/gateway@sha256:c271a81ab05ed76299a70ba5039cee95b311b57a131928373e9a79ef400949a3	sha256:c271a81ab05ed76299a70ba5039cee95b311b57a131928373e9a79ef400949a3	64668191	2026-09-12T21:07:47.808886618Z	-
ghcr.io/jefison-x/beyondquant/gateway@sha256:c65ca2f3899be192160b775b339d98950b4a7e0fe51b768d4a367bb04cdc0a91	sha256:c65ca2f3899be192160b775b339d98950b4a7e0fe51b768d4a367bb04cdc0a91	64692530	2026-09-16T22:03:33.151855909Z	-
ghcr.io/jefison-x/beyondquant/gateway@sha256:d469499d1f02fb3991170bc5b5c68ca3b4312904ca32a1b7431cea5c1eaaf943	sha256:d469499d1f02fb3991170bc5b5c68ca3b4312904ca32a1b7431cea5c1eaaf943	64850696	2026-09-21T22:23:01.585820103Z	-
ghcr.io/jefison-x/beyondquant/gateway@sha256:efbd5648b3bf3d94cebb84c0c196059775777624b68e8d97d42c11e144e4fa0c	sha256:efbd5648b3bf3d94cebb84c0c196059775777624b68e8d97d42c11e144e4fa0c	64693748	2026-09-17T09:06:15.012939742Z	-
ghcr.io/jefison-x/beyondquant/mcp@sha256:42f218719a13cd95d1d038d474db4b63ece55fe80daf0da16d88fb6fb89f9767	sha256:42f218719a13cd95d1d038d474db4b63ece55fe80daf0da16d88fb6fb89f9767	112303948	2026-09-16T22:03:36.193382496Z	-
ghcr.io/jefison-x/beyondquant/mcp@sha256:847c5270738cb03ac8a6d1b32c0f75b7f5d9a5c37b2e6dd2854fa1a820a98cb6	sha256:847c5270738cb03ac8a6d1b32c0f75b7f5d9a5c37b2e6dd2854fa1a820a98cb6	112306175	2026-09-18T01:32:50.51041995Z	-
ghcr.io/jefison-x/beyondquant/mcp@sha256:96aa84013e52eec96953d2c1ef7ddda6bc8119c0ba25fad32396088ef0b6bc6d	sha256:96aa84013e52eec96953d2c1ef7ddda6bc8119c0ba25fad32396088ef0b6bc6d	112274168	2026-09-11T00:07:21.685595667Z	-
ghcr.io/jefison-x/beyondquant/mcp@sha256:9d7ab5f9354bf5d8ad3386dcdda1a17bbd31cd55010e897f7c2c6810a0a552e7	sha256:9d7ab5f9354bf5d8ad3386dcdda1a17bbd31cd55010e897f7c2c6810a0a552e7	112278866	2026-09-12T21:07:48.373759226Z	-
ghcr.io/jefison-x/beyondquant/mcp@sha256:f77111ed6b0a13a0b51855cb7a16d8609bd3f32347b92b2a96c1057913b80121	sha256:f77111ed6b0a13a0b51855cb7a16d8609bd3f32347b92b2a96c1057913b80121	112311750	2026-09-19T03:24:14.178342634Z	-
ghcr.io/jefison-x/beyondquant/runtime-adapter@sha256:015e5fbe5531227e716a09549644007b733a39031338553136a5cf46681dd256	sha256:015e5fbe5531227e716a09549644007b733a39031338553136a5cf46681dd256	144303391	2026-09-18T20:02:19.33731548Z	-
ghcr.io/jefison-x/beyondquant/runtime-adapter@sha256:16d809c98f8c7fecb890b5a86af5c14fc7287afd1c313bce93775b7770b124f3	sha256:16d809c98f8c7fecb890b5a86af5c14fc7287afd1c313bce93775b7770b124f3	144295667	2026-09-18T08:33:44.270516497Z	-
ghcr.io/jefison-x/beyondquant/runtime-adapter@sha256:360a83fae659aa106e55a58bf611db696c6d7b250d8d3fb0fdfa2d8fb83bf241	sha256:360a83fae659aa106e55a58bf611db696c6d7b250d8d3fb0fdfa2d8fb83bf241	144296727	2026-09-18T10:14:18.27892282Z	-
ghcr.io/jefison-x/beyondquant/runtime-adapter@sha256:3710795efe160cbf0d3adc7eb06ad9bc8a55972edc59789c61098e101fdf03ed	sha256:3710795efe160cbf0d3adc7eb06ad9bc8a55972edc59789c61098e101fdf03ed	144276969	2026-09-11T00:07:22.802624324Z	-
ghcr.io/jefison-x/beyondquant/runtime-adapter@sha256:37e737d1cbddab8f01f95a7c1fde321ca832c499875cb3c9a434873158b95b35	sha256:37e737d1cbddab8f01f95a7c1fde321ca832c499875cb3c9a434873158b95b35	144309205	2026-09-18T23:33:42.117827447Z	-
ghcr.io/jefison-x/beyondquant/runtime-adapter@sha256:4222c50491e06e77cce6f6aba2b5e89798724bdd8b8c57ab1cee5ffafe81afe6	sha256:4222c50491e06e77cce6f6aba2b5e89798724bdd8b8c57ab1cee5ffafe81afe6	144288881	2026-09-17T15:00:10.19571629Z	-
ghcr.io/jefison-x/beyondquant/runtime-adapter@sha256:46719f5f49b709880b6a90f61db9c921b6246f1ba3918657e835b461667a61db	sha256:46719f5f49b709880b6a90f61db9c921b6246f1ba3918657e835b461667a61db	144300823	2026-09-18T14:56:32.230570126Z	-
ghcr.io/jefison-x/beyondquant/runtime-adapter@sha256:54681b561f376355dc074af97a6c3034259106af8eb3572aab274b1382b4de1f	sha256:54681b561f376355dc074af97a6c3034259106af8eb3572aab274b1382b4de1f	144326497	2026-09-19T03:24:22.290555293Z	-
ghcr.io/jefison-x/beyondquant/runtime-adapter@sha256:5627e1be130e3e9340d45c684b6a349c5394fdbbee32bbdf2d1fa9deb5bcd3ec	sha256:5627e1be130e3e9340d45c684b6a349c5394fdbbee32bbdf2d1fa9deb5bcd3ec	144288941	2026-09-18T04:38:53.32605116Z	-
ghcr.io/jefison-x/beyondquant/runtime-adapter@sha256:6216d7e1957b0826b7f957265e1bc8111ac92af6ba37ce00fc89ee39cd0fa4f7	sha256:6216d7e1957b0826b7f957265e1bc8111ac92af6ba37ce00fc89ee39cd0fa4f7	144328083	2026-09-19T05:51:11.894288667Z	-
ghcr.io/jefison-x/beyondquant/runtime-adapter@sha256:631b290478c8210aa4312ad31b5efdf246ee3bf9f315f9d8f2ea66731f8c255f	sha256:631b290478c8210aa4312ad31b5efdf246ee3bf9f315f9d8f2ea66731f8c255f	144278090	2026-09-12T21:09:00.682134873Z	-
ghcr.io/jefison-x/beyondquant/runtime-adapter@sha256:86ae5dbd65b2e2de8e5c2c53fd790587f0ffd70512e5037321adbd7a832e1513	sha256:86ae5dbd65b2e2de8e5c2c53fd790587f0ffd70512e5037321adbd7a832e1513	147402075	2026-09-22T04:45:16.013002113Z	-
ghcr.io/jefison-x/beyondquant/runtime-adapter@sha256:88190f04a23dc088a80b40c854dfed198b919e40badcfe708cdcaabc87035c22	sha256:88190f04a23dc088a80b40c854dfed198b919e40badcfe708cdcaabc87035c22	144288969	2026-09-18T01:32:51.008354115Z	-
ghcr.io/jefison-x/beyondquant/runtime-adapter@sha256:8b61c657de94118aaa45764ef025f4c0e43061c72ea8b87afe326544befda759	sha256:8b61c657de94118aaa45764ef025f4c0e43061c72ea8b87afe326544befda759	144288892	2026-09-17T23:19:39.286723557Z	-
ghcr.io/jefison-x/beyondquant/runtime-adapter@sha256:9075f3361cbe0216d64d56122f05a091d4498e3182e49c821b55bc3362154728	sha256:9075f3361cbe0216d64d56122f05a091d4498e3182e49c821b55bc3362154728	144318851	2026-09-19T01:33:02.419055274Z	-
ghcr.io/jefison-x/beyondquant/runtime-adapter@sha256:926762ff053a3719929c19d8c5abded136829e7126ba756a9b03306a32a60afd	sha256:926762ff053a3719929c19d8c5abded136829e7126ba756a9b03306a32a60afd	144302226	2026-09-18T18:42:26.942401961Z	-
ghcr.io/jefison-x/beyondquant/runtime-adapter@sha256:94b916a9d3d60ea8da8c60ba4abf1779eff450e3d257eaa7a6591b050be6ba5b	sha256:94b916a9d3d60ea8da8c60ba4abf1779eff450e3d257eaa7a6591b050be6ba5b	144288364	2026-09-16T22:03:37.077707634Z	-
ghcr.io/jefison-x/beyondquant/runtime-adapter@sha256:a9a7ef2cde8dbc2d8799ddb78bf69831cbc3745921f3078cabaefa605d83ca3d	sha256:a9a7ef2cde8dbc2d8799ddb78bf69831cbc3745921f3078cabaefa605d83ca3d	144302150	2026-09-18T17:03:49.124451275Z	-
ghcr.io/jefison-x/beyondquant/runtime-adapter@sha256:b667847b3631e896c2a0286c1c7318ec9c370aa5f6f1876d7ef74fbf5419537a	sha256:b667847b3631e896c2a0286c1c7318ec9c370aa5f6f1876d7ef74fbf5419537a	144288860	2026-09-17T09:06:15.525961028Z	-
ghcr.io/jefison-x/beyondquant/runtime-adapter@sha256:cb9aad461907044f1ffe7a002f2b16fe35c22da9505ee4639023a154b3fc044e	sha256:cb9aad461907044f1ffe7a002f2b16fe35c22da9505ee4639023a154b3fc044e	144336882	2026-09-19T10:22:28.581449713Z	-
ghcr.io/jefison-x/beyondquant/runtime-adapter@sha256:e8f7819b836012e8a8ae5062a5cd178f36a294291d05a7da4a74f36a83557d12	sha256:e8f7819b836012e8a8ae5062a5cd178f36a294291d05a7da4a74f36a83557d12	144300840	2026-09-18T12:10:17.143627198Z	-
ghcr.io/jefison-x/beyondquant/signal-sandbox@sha256:df29ca66c742a7bfc622e14fecbe0fd16a74c4ec4a909cffee1782828968f7a8	sha256:df29ca66c742a7bfc622e14fecbe0fd16a74c4ec4a909cffee1782828968f7a8	101063043	2026-09-18T14:56:16.127428413Z	-
ghcr.io/jefison-x/beyondquant/signal-sandbox@sha256:fdfa1825ac2daa6d71d36e6b6ac426ea24e376dafe47660bebf3f63d03c4ddfc	sha256:fdfa1825ac2daa6d71d36e6b6ac426ea24e376dafe47660bebf3f63d03c4ddfc	101070464	2026-09-19T03:24:05.330471532Z	-
ghcr.io/jefison-x/beyondquant/signal-worker@sha256:2fb4fd492992b269d50e1d8d3fe0529cf46063f5ebbc62e0af64567f8ce6df62	sha256:2fb4fd492992b269d50e1d8d3fe0529cf46063f5ebbc62e0af64567f8ce6df62	77778893	2026-09-18T14:56:12.072707591Z	-
ghcr.io/jefison-x/beyondquant/signal-worker@sha256:79538d287a336aeb7ad77a63f2c5b07817a0e731e481c38f5fae593ab8a42a7b	sha256:79538d287a336aeb7ad77a63f2c5b07817a0e731e481c38f5fae593ab8a42a7b	77781756	2026-09-18T18:42:19.022893168Z	-
ghcr.io/jefison-x/beyondquant/signal-worker@sha256:a02211557a34f551d8290eaf4e20f2fe58747d19964838a7391dfe2ba130b886	sha256:a02211557a34f551d8290eaf4e20f2fe58747d19964838a7391dfe2ba130b886	77807980	2026-09-19T10:22:16.07276489Z	-
ghcr.io/jefison-x/beyondquant/signal-worker@sha256:ac16f2149c029957af3dd63d72430b1bf83020a59323d74f4790930ddaeeadaf	sha256:ac16f2149c029957af3dd63d72430b1bf83020a59323d74f4790930ddaeeadaf	77796883	2026-09-19T03:23:44.763997635Z	-
ghcr.io/jefison-x/beyondquant/signal-worker@sha256:c46087b127c6109de9c277420406a86fc42952537a05f0dc27781329634a0f55	sha256:c46087b127c6109de9c277420406a86fc42952537a05f0dc27781329634a0f55	77801274	2026-09-19T05:51:01.450625369Z	-
nginx:1.27-alpine	sha256:65645c7bb6a0661892a8b03b89d0743208a18dd2f3f17a54ef4b76fb8e2f2a10	20984244	2025-04-16T14:50:31Z	-
node:22-bookworm-slim	sha256:83f487e0a63425e5b4d146fb5e5be574bcbe1b7b843d3ebafdd95eaf7767a7e5	79901626	2026-08-25T00:56:00.936273022Z	-
node:24-bookworm-slim	sha256:ba849c60be29959425b8734d57b8b4b7d56f98edd9504c9af091d5281095a71e	80741364	2026-08-27T17:03:39.400483596Z	-
postgres:16-alpine	sha256:cf78e76683b9ca8c5733cbbdce6c9262b45b6767934dd0a95e671f9a0fc20685	116075089	2026-08-13T19:18:09.513955733Z	byq-ci-postgres-p2local,byq-p0-pg-p0-1208572
postgres:17-alpine	sha256:18cfe3ef5e6815560c98237d6216d1e5119702fb0f3894c8785dd58b8bbe5d73	117204007	2026-08-13T19:17:35.122910679Z	-
python:3.11-slim-bookworm	sha256:528257d48c1da0dcecc2e725d1ae34498d60c965f1241e39cd6a85a8859bdf84	47804177	2026-09-01T00:16:51.41639586Z	-
python:3.13-slim	sha256:9d2e5553305c7c7b0097999bb17187c69b921ccd6bc9d40e4bb5ebe652c00285	45984684	2026-09-01T00:10:00.907487604Z	-
python:3.13-slim-bookworm	sha256:ed86c82274b3c69b52fb5820f358f0bd7df0b603332063cb5c6e32bd220c3e6e	44372399	2026-09-01T00:12:08.663400489Z	-
zricethezav/gitleaks:latest	sha256:c00b6bd0aeb3071cbcb79009cb16a60dd9e0a7c60e2be9ab65d25e6bc8abbb7f	25042376	2026-03-21T02:19:08.677791034Z	-
