name	mountpoint	driver	used_by	purpose_class	persistent
02eac754a882173974da5ca5460e5f462b5803088c1b49115783ba958d3180e0	/var/lib/docker/volumes/02eac754a882173974da5ca5460e5f462b5803088c1b49115783ba958d3180e0/_data	local	-	unverified	unverified
090cb681996f515fd79327bae7ef37ae318cba638cd6c72dea7371458b2e00e2	/var/lib/docker/volumes/090cb681996f515fd79327bae7ef37ae318cba638cd6c72dea7371458b2e00e2/_data	local	-	unverified	unverified
130ea51fbd854aa5a7400c4134d7d7421b9f093c858216208c29157eec112986	/var/lib/docker/volumes/130ea51fbd854aa5a7400c4134d7d7421b9f093c858216208c29157eec112986/_data	local	-	unverified	unverified
1d9bcfbd1a82dcc0983bdb72eebbd385f8f0c249262c38cd367c0a0ca8a0bd8f	/var/lib/docker/volumes/1d9bcfbd1a82dcc0983bdb72eebbd385f8f0c249262c38cd367c0a0ca8a0bd8f/_data	local	-	unverified	unverified
21d84e2dd8fafba32c8016ea7efe6537cb580b59ca3826c8469014f7d3b3df75	/var/lib/docker/volumes/21d84e2dd8fafba32c8016ea7efe6537cb580b59ca3826c8469014f7d3b3df75/_data	local	-	unverified	unverified
2c85f8dced500adc473729675a55bb229557a7207c43c9fe15e2a29c5488a6f5	/var/lib/docker/volumes/2c85f8dced500adc473729675a55bb229557a7207c43c9fe15e2a29c5488a6f5/_data	local	-	unverified	unverified
2cf4ab963b21d0a7964bde304bbe822d3b573c106ca51b6cb53144ac056223b0	/var/lib/docker/volumes/2cf4ab963b21d0a7964bde304bbe822d3b573c106ca51b6cb53144ac056223b0/_data	local	-	unverified	unverified
2f14cb830185c886500941a4a08085b701a88e000042e66d4a3ebdddc33a1a42	/var/lib/docker/volumes/2f14cb830185c886500941a4a08085b701a88e000042e66d4a3ebdddc33a1a42/_data	local	-	unverified	unverified
312b9c05ea4c6e584f5bb903be0c5a2b0d5f4a5b471dbe8c87e84fc2a839759e	/var/lib/docker/volumes/312b9c05ea4c6e584f5bb903be0c5a2b0d5f4a5b471dbe8c87e84fc2a839759e/_data	local	-	unverified	unverified
31e22783bba9b6dd0a6e5474d873a3474d9d2c28ff2bfd034be71aaf81dd4b1d	/var/lib/docker/volumes/31e22783bba9b6dd0a6e5474d873a3474d9d2c28ff2bfd034be71aaf81dd4b1d/_data	local	-	unverified	unverified
41d2665bbf4dc805eac487b8658b7cb7bfb0b8ba7ef2d7d82dd301d4e5b401a8	/var/lib/docker/volumes/41d2665bbf4dc805eac487b8658b7cb7bfb0b8ba7ef2d7d82dd301d4e5b401a8/_data	local	-	unverified	unverified
5b5b0050d7920b06790d2ffa58611e4fede78af8b7b07cec58d144ceb7a64aa4	/var/lib/docker/volumes/5b5b0050d7920b06790d2ffa58611e4fede78af8b7b07cec58d144ceb7a64aa4/_data	local	-	unverified	unverified
609db700630396b991e0926623e752c6ade6c24b9278586a00a807199d1dc0a2	/var/lib/docker/volumes/609db700630396b991e0926623e752c6ade6c24b9278586a00a807199d1dc0a2/_data	local	-	unverified	unverified
6629abcfb1306440d7c453e9de5f5e85e55dd54d6e0e982d8e768128ff5977ac	/var/lib/docker/volumes/6629abcfb1306440d7c453e9de5f5e85e55dd54d6e0e982d8e768128ff5977ac/_data	local	-	unverified	unverified
7d6d84fde1f7dcc95cc97029c66242933485cc686b19388fc4e48702a3ea9e9b	/var/lib/docker/volumes/7d6d84fde1f7dcc95cc97029c66242933485cc686b19388fc4e48702a3ea9e9b/_data	local	-	unverified	unverified
94873fc573ddb302da6ad4af39c4b041dd4f13778f982cfe333a5ac0574a414c	/var/lib/docker/volumes/94873fc573ddb302da6ad4af39c4b041dd4f13778f982cfe333a5ac0574a414c/_data	local	-	unverified	unverified
979639830a1831ca805d481c86ea83d7a514495f3bef7aeca66f67730db65e36	/var/lib/docker/volumes/979639830a1831ca805d481c86ea83d7a514495f3bef7aeca66f67730db65e36/_data	local	-	unverified	unverified
a64ba74f37d9e300d57e2776d3cc2e85d22c8c041c61f0c078843e637c0901cf	/var/lib/docker/volumes/a64ba74f37d9e300d57e2776d3cc2e85d22c8c041c61f0c078843e637c0901cf/_data	local	-	unverified	unverified
b19987961fcdbefdde8eebba449af137233c1cdcb73591ad0e037d71cf96816c	/var/lib/docker/volumes/b19987961fcdbefdde8eebba449af137233c1cdcb73591ad0e037d71cf96816c/_data	local	-	unverified	unverified
b2f9fbdec6a6fbbcb38c8255c75a5a13fca8580039e580f3622bc009dc306307	/var/lib/docker/volumes/b2f9fbdec6a6fbbcb38c8255c75a5a13fca8580039e580f3622bc009dc306307/_data	local	-	unverified	unverified
bdb03802a43e533d96b6f8c0003c86c1a9b9f8b3509b5df39442e61e9bb9a119	/var/lib/docker/volumes/bdb03802a43e533d96b6f8c0003c86c1a9b9f8b3509b5df39442e61e9bb9a119/_data	local	-	unverified	unverified
beyondquant-domain-state	/var/lib/docker/volumes/beyondquant-domain-state/_data	local	-	unverified	unverified
beyondquant-ml-model-state	/var/lib/docker/volumes/beyondquant-ml-model-state/_data	local	-	unverified	unverified
byq-20f-pgdata	/var/lib/docker/volumes/byq-20f-pgdata/_data	local	-	unverified	unverified
byq-ci-postgres-data-p2local	/var/lib/docker/volumes/byq-ci-postgres-data-p2local/_data	local	byq-ci-postgres-p2local	active test database	unverified
byq-p0-pgdata-p0-1208572	/var/lib/docker/volumes/byq-p0-pgdata-p0-1208572/_data	local	byq-p0-pg-p0-1208572	active test database	unverified
byq-phase61-clean-restore-20260827	/var/lib/docker/volumes/byq-phase61-clean-restore-20260827/_data	local	-	unverified	unverified
byq-phase68-test-data	/var/lib/docker/volumes/byq-phase68-test-data/_data	local	-	unverified	unverified
byq-postgres-clean-20260904	/var/lib/docker/volumes/byq-postgres-clean-20260904/_data	local	-	unverified	unverified
byq-postgres-recovery-20260827	/var/lib/docker/volumes/byq-postgres-recovery-20260827/_data	local	-	unverified	unverified
byq-preview-domain	/var/lib/docker/volumes/byq-preview-domain/_data	local	-	unverified	unverified
byq-preview-postgres	/var/lib/docker/volumes/byq-preview-postgres/_data	local	-	unverified	unverified
byq-preview-traces	/var/lib/docker/volumes/byq-preview-traces/_data	local	-	unverified	unverified
byq-v090-default-test-sessions	/var/lib/docker/volumes/byq-v090-default-test-sessions/_data	local	-	unverified	unverified
byq_domain_state	/var/lib/docker/volumes/byq_domain_state/_data	local	-	unverified	unverified
byq_dsh_sessions	/var/lib/docker/volumes/byq_dsh_sessions/_data	local	-	unverified	unverified
byq_postgres_data	/var/lib/docker/volumes/byq_postgres_data/_data	local	-	unverified	unverified
byq_workflow_traces	/var/lib/docker/volumes/byq_workflow_traces/_data	local	-	unverified	unverified
c17aac8e610a6c8ffc694f77564b7e3fab2a130b6504645a09c41ab672c6ab7a	/var/lib/docker/volumes/c17aac8e610a6c8ffc694f77564b7e3fab2a130b6504645a09c41ab672c6ab7a/_data	local	-	unverified	unverified
c1d6282c6329cf36dce2d500b3003020a11e34ad3e1b7a39ca89f82a5eadc497	/var/lib/docker/volumes/c1d6282c6329cf36dce2d500b3003020a11e34ad3e1b7a39ca89f82a5eadc497/_data	local	-	unverified	unverified
d7165d7e351fe6c81bdcbeb8de4270ad2a158f6fa21d52c571005928fc3099e0	/var/lib/docker/volumes/d7165d7e351fe6c81bdcbeb8de4270ad2a158f6fa21d52c571005928fc3099e0/_data	local	-	unverified	unverified
d755e0a117d96252395c9872d0d8f5b90d0c114a377cad4fe4179dcab544c6e7	/var/lib/docker/volumes/d755e0a117d96252395c9872d0d8f5b90d0c114a377cad4fe4179dcab544c6e7/_data	local	-	unverified	unverified
e2404f5cf964c504e02e52dc9e6ac07193f04e1dad30b3fabf5d776cd091e044	/var/lib/docker/volumes/e2404f5cf964c504e02e52dc9e6ac07193f04e1dad30b3fabf5d776cd091e044/_data	local	-	unverified	unverified
e49bc39671a9a0bcd9939e14939d053ffbdc87191421504db7046d926c2af20c	/var/lib/docker/volumes/e49bc39671a9a0bcd9939e14939d053ffbdc87191421504db7046d926c2af20c/_data	local	-	unverified	unverified
f2a0625e13831b1990e935e81fd7535089bd45e1b1ab3c5ed338b851d18b2134	/var/lib/docker/volumes/f2a0625e13831b1990e935e81fd7535089bd45e1b1ab3c5ed338b851d18b2134/_data	local	-	unverified	unverified
